Trial,Loc1,Loc2,Loc3,Loc4,Loc5
1,front_r_bottom,fm_l_mid,mid_r_midmid_top,mm_l_top_mid,far_l_mid_bottom
2,front_l_mid_mid,fm_l_mid_top,mid_r_bottom,mm_l_midmid_bottom,far_r_top_mid
3,front_l_bottom,fm_r_mid,mid_l_midmid_bottom,mm_l_midmid_top,far_r_bottom_mid
4,front_l_top,fm_r_mid_mid,mid_r_bottom_mid,mm_r_midmid_bottom,far_l_mid
5,front_l_bottom_mid,fm_r_bottom,mid_r_top_mid,mm_l_midmid_top,far_l_top_mid
6,front_r_mid_top,fm_r_mid_bottom,mid_l_mid,mm_r_bottom,far_l_mid_top
7,front_r_mid,fm_l_bottom_mid,mid_r_top,mm_r_mid_bottom,far_r_top_mid
8,front_l_mid_top,fm_l_top_mid,mid_r_midmid_top,mm_l_mid,far_r_midmid_bottom
9,front_l_mid,fm_r_mid_bottom,mid_l_mid_bottom,mm_r_top,far_l_midmid_top
10,front_r_top_mid,fm_l_top,mid_r_mid_top,mm_l_mid_bottom,far_r_midmid_top
